jurisdiction,permit_number,application_date,issue_date,expiration_date,status,address,city,state,zip_code,parcel_number,permit_type,permit_subtype,work_description,project_value,square_footage,contractor_name,contractor_company,applicant_name,owner_name,business_name,architect,engineer,source_record_url,source_dataset_url,date_collected
City of Tampa,BDE-26-0445505,2026-04-25,2026-07-10,,Issued,2618 W  Saint John St,Tampa,FL,33607,,Residential Demolition Permit,Residential,FULL DEMOLITION OF EXISTING RESIDENTIAL STRUCTURE.,,0.0,,,,,Res Demo,,,https://aca-prod.accela.com/TAMPA/Cap/CapDetail.aspx?Module=Building&TabName=Building&capID1=26CAP&capID2=00000&capID3=00O0L&agencyCode=TAMPA,https://arcgis.tampagov.net/arcgis/rest/services/Planning/ConstructionInspections/MapServer/0,2026-07-13T20:42:55Z
City of Tampa,BDE-26-0445654,2026-06-24,2026-07-09,,Issued,3120 W  Knights Ave,Tampa,FL,33611,,Residential Demolition Permit,Residential,"Demolition of single-family home to include slab, fence and pavers",,0.0,,,,,Demo SFR,,,https://aca-prod.accela.com/TAMPA/Cap/CapDetail.aspx?Module=Building&TabName=Building&capID1=26CAP&capID2=00000&capID3=01UC2&agencyCode=TAMPA,https://arcgis.tampagov.net/arcgis/rest/services/Planning/ConstructionInspections/MapServer/0,2026-07-13T20:42:55Z
City of Tampa,BDE-26-0445682,2026-07-08,2026-07-09,,Issued,2908 W  Leila Ave,Tampa,FL,33611,,Residential Demolition Permit,Residential,Demolition of existing home and Pool,,0.0,,,,,DEMO SFR and Pool,,,https://aca-prod.accela.com/TAMPA/Cap/CapDetail.aspx?Module=Building&TabName=Building&capID1=26CAP&capID2=00000&capID3=01X3D&agencyCode=TAMPA,https://arcgis.tampagov.net/arcgis/rest/services/Planning/ConstructionInspections/MapServer/0,2026-07-13T20:42:55Z
City of Tampa,BLD-26-0520356,2025-11-17,2026-07-10,,Revision,4219 W  Mango Ave,Tampa,FL,33616,,Commercial Building Alterations (Renovations),Business,Renovate and improve the existing interior space to accommodate a new workforce training facility for teens.,,0.0,,,,,Interior Remodel: Boys and Girls Club Of Tampa Bay Liberty Mompierre,,,https://aca-prod.accela.com/TAMPA/Cap/CapDetail.aspx?Module=Building&TabName=Building&capID1=25CAP&capID2=00000&capID3=02TP0&agencyCode=TAMPA,https://arcgis.tampagov.net/arcgis/rest/services/Planning/ConstructionInspections/MapServer/0,2026-07-13T20:42:55Z
City of Tampa,BLD-21-0482767,2021-04-08,2026-07-09,,Revision,1029 E  Hillsborough Ave,Tampa,FL,33604,,Commercial Building Alterations (Renovations),Business,Commercial Building Alterations on the Interior and Exterior.,,0.0,,,,,Change of Use/Occupancy-Int/ext alterations-Solita's House,,,https://aca-prod.accela.com/TAMPA/Cap/CapDetail.aspx?Module=Building&TabName=Building&capID1=21CAP&capID2=00000&capID3=00IDU&agencyCode=TAMPA,https://arcgis.tampagov.net/arcgis/rest/services/Planning/ConstructionInspections/MapServer/0,2026-07-13T20:42:55Z
City of Tampa,BLD-26-0523496,2026-03-13,2026-07-10,,Revision,400 N  Ashley Dr,Tampa,FL,33602,,Commercial Building Alterations (Renovations),Business,"THRESHOLD BUILDING Design and construction of an office suite to be located on the 15th Floor of the Rivergate Tower office building in Tampa, Florida which includes tenant demising walls, doors, and corridors from the elevator lobby. Office space will be approximately 7,500 square feet.",,0.0,,,,,SEC: FEMA: Suite 1500 Interior remodel,,,https://aca-prod.accela.com/TAMPA/Cap/CapDetail.aspx?Module=Building&TabName=Building&capID1=26CAP&capID2=00000&capID3=00FKD&agencyCode=TAMPA,https://arcgis.tampagov.net/arcgis/rest/services/Planning/ConstructionInspections/MapServer/0,2026-07-13T20:42:55Z
City of Tampa,BLD-26-0523757,2026-03-24,2026-07-10,,Issued,4355 N  Himes Ave,Tampa,FL,33607,,Commercial New Construction and Additions,Business,"Construction of a new typical HTeaO Tea Bar with a cooler/freezer, a single lane drive-thru, and a single bay dumpster enclosure",,1960.0,,,,,New 1 Story Comm - HTeaO Bar,,,https://aca-prod.accela.com/TAMPA/Cap/CapDetail.aspx?Module=Building&TabName=Building&capID1=26CAP&capID2=00000&capID3=00HOH&agencyCode=TAMPA,https://arcgis.tampagov.net/arcgis/rest/services/Planning/ConstructionInspections/MapServer/0,2026-07-13T20:42:55Z
City of Tampa,BLD-25-0514262,2025-01-27,2026-07-09,,Revision,3401 S  West Shore Blvd,Tampa,FL,33629,,Commercial New Construction and Additions,Assembly,"FEMA SFHA: LIMITED PRIVATE PROVIDER - PLAN REVIEW AND INSPECTIONS. New restaurant construction, Westshore Place Restaurant.",,10733.0,,,,,05-26-25 KPI,,,https://aca-prod.accela.com/TAMPA/Cap/CapDetail.aspx?Module=Building&TabName=Building&capID1=25CAP&capID2=00000&capID3=009O4&agencyCode=TAMPA,https://arcgis.tampagov.net/arcgis/rest/services/Planning/ConstructionInspections/MapServer/0,2026-07-13T20:42:55Z
City of Tampa,BLD-26-0525792,2026-06-11,2026-07-09,,Issued,4132 W  Gandy Blvd,Tampa,FL,33611,,Commercial Building Alterations (Renovations),Storage,"*PRIVATE PROVIDER - PLAN REVIEW AND INSPECTIONS* Interior Buildout of shell space for Weather Tite Windows warehouse with office, conference room, break area, showroom, and restrooms. Includes MEP's",,0.0,,,,,PP: FEMA: Renovation: Interior: Weather Tite Windows,,,https://aca-prod.accela.com/TAMPA/Cap/CapDetail.aspx?Module=Building&TabName=Building&capID1=26CAP&capID2=00000&capID3=00X6G&agencyCode=TAMPA,https://arcgis.tampagov.net/arcgis/rest/services/Planning/ConstructionInspections/MapServer/0,2026-07-13T20:42:55Z
City of Tampa,BLD-25-0518067,2025-08-14,2026-07-10,,Revision,1528 W  North B St,Tampa,FL,33606,,Commercial Building Alterations (Renovations),Assembly,"EXTERIOR - REPAINT, NEW STOREFRONT DOOR AND WINDOW, ADDITION OF ADA ACCESS, REMOVAL OF CONCRETE RAMP. INTERIOR RENOVATION - ADD / REMOVE WALLS AND DOORS AS NOTED ON THE PLANS, UPDATE BUILDING SYSTEMS, UPDATE FINISHES THROUGHOUT",,0.0,,,,,Interior/Exterior Alteration - Unit B - Studiofit Training,,,https://aca-prod.accela.com/TAMPA/Cap/CapDetail.aspx?Module=Building&TabName=Building&capID1=25CAP&capID2=00000&capID3=028EP&agencyCode=TAMPA,https://arcgis.tampagov.net/arcgis/rest/services/Planning/ConstructionInspections/MapServer/0,2026-07-13T20:42:55Z
City of Tampa,BLD-25-0519025,2025-09-30,2026-07-10,,Revision,1701 N  Florida Ave,Tampa,FL,33602,,Commercial Building Alterations (Renovations),Business,"Interior Build-Out, interior renovation for the ground floor unit B in the retail space. This will include HVAC, Plumbing, Electrical, Concrete, non structural framing and sheetrock, some changes to fire suppression to accommodate a drop ceiling.",,0.0,,,,,Buildout- Iron Tribe Crossfit,,,https://aca-prod.accela.com/TAMPA/Cap/CapDetail.aspx?Module=Building&TabName=Building&capID1=25CAP&capID2=00000&capID3=02JMS&agencyCode=TAMPA,https://arcgis.tampagov.net/arcgis/rest/services/Planning/ConstructionInspections/MapServer/0,2026-07-13T20:42:55Z
City of Lakeland,BLD26-04022,2026-07-08,,,,1530 HUNTINGTON ST,LAKELAND,FL,33801,31718,Permit,Building Residential,replacing windows,2000.0,,,,,,,,,https://ims.lakelandgov.net/ims/Account/Anonymous?returnUrl=%2Fims%2FFind3%3Fcat%3DPermits,https://services1.arcgis.com/mcbQY5xNGGGM1vBX/arcgis/rest/services/IMS_Projects_Permits/FeatureServer/6,2026-07-13T20:42:55Z
City of Lakeland,BLD26-04033,2026-07-08,,,,1725 MARTIN L KING JR AVE,LAKELAND,FL,33805,125222,Permit,Tent,Tent for Guest,,,,,,,,,,https://ims.lakelandgov.net/ims/Account/Anonymous?returnUrl=%2Fims%2FFind3%3Fcat%3DPermits,https://services1.arcgis.com/mcbQY5xNGGGM1vBX/arcgis/rest/services/IMS_Projects_Permits/FeatureServer/6,2026-07-13T20:42:55Z
City of Lakeland,BLD26-04035,2026-07-08,,,,2829 KATHRYN AVE,LAKELAND,FL,33805,34803,Permit,Roof,RE-ROOF 22 SQ SHINGLES W/PEEL AND STICK UNDERLAYMENT,8000.0,,,,,,,,,https://ims.lakelandgov.net/ims/Account/Anonymous?returnUrl=%2Fims%2FFind3%3Fcat%3DPermits,https://services1.arcgis.com/mcbQY5xNGGGM1vBX/arcgis/rest/services/IMS_Projects_Permits/FeatureServer/6,2026-07-13T20:42:55Z
City of Lakeland,BLD26-04039,2026-07-08,,,,902 KENSINGTON ST,LAKELAND,FL,33803,35006,Permit,Building Residential,Pool Enclosure,13500.0,,,,,,,,,https://ims.lakelandgov.net/ims/Account/Anonymous?returnUrl=%2Fims%2FFind3%3Fcat%3DPermits,https://services1.arcgis.com/mcbQY5xNGGGM1vBX/arcgis/rest/services/IMS_Projects_Permits/FeatureServer/6,2026-07-13T20:42:55Z
City of Lakeland,BLD26-04042,2026-07-09,,,,1215 MEMORIAL BLVD E,LAKELAND,FL,33801,118217,Permit,Electrical,Replace light switches and lights as needed for damaged canopy.,500.0,,,,,,,,,https://ims.lakelandgov.net/ims/Account/Anonymous?returnUrl=%2Fims%2FFind3%3Fcat%3DPermits,https://services1.arcgis.com/mcbQY5xNGGGM1vBX/arcgis/rest/services/IMS_Projects_Permits/FeatureServer/6,2026-07-13T20:42:55Z
City of Lakeland,BLD26-04050,2026-07-09,,,,4080 DOVER TERRACE DR,LAKELAND,FL,33810,164120,Permit,Mechanical,ECO HVAC,14806.0,,,,,,,,,https://ims.lakelandgov.net/ims/Account/Anonymous?returnUrl=%2Fims%2FFind3%3Fcat%3DPermits,https://services1.arcgis.com/mcbQY5xNGGGM1vBX/arcgis/rest/services/IMS_Projects_Permits/FeatureServer/6,2026-07-13T20:42:55Z
City of Lakeland,BLD26-04051,2026-07-09,,,,1109 HALLAM DR,LAKELAND,FL,33813,89297,Permit,Building Residential,1109 HALLAM DR Pre Manufactured Shed 10x14 in backyard,4000.0,,,,,,,,,https://ims.lakelandgov.net/ims/Account/Anonymous?returnUrl=%2Fims%2FFind3%3Fcat%3DPermits,https://services1.arcgis.com/mcbQY5xNGGGM1vBX/arcgis/rest/services/IMS_Projects_Permits/FeatureServer/6,2026-07-13T20:42:55Z
City of Lakeland,BLD26-04056,2026-07-09,,,,1622 LAGOON RD,LAKELAND,FL,33803,35916,Permit,Mechanical,Replace 4 ton system,14382.0,,,,,,,,,https://ims.lakelandgov.net/ims/Account/Anonymous?returnUrl=%2Fims%2FFind3%3Fcat%3DPermits,https://services1.arcgis.com/mcbQY5xNGGGM1vBX/arcgis/rest/services/IMS_Projects_Permits/FeatureServer/6,2026-07-13T20:42:55Z
City of Lakeland,BLD26-04057,2026-07-09,,,,1739 WEBSTER AVE N,LAKELAND,FL,33805,125460,Permit,Building Residential,Remove and Replace Existing Deck,15104.0,,,,,,,,,https://ims.lakelandgov.net/ims/Account/Anonymous?returnUrl=%2Fims%2FFind3%3Fcat%3DPermits,https://services1.arcgis.com/mcbQY5xNGGGM1vBX/arcgis/rest/services/IMS_Projects_Permits/FeatureServer/6,2026-07-13T20:42:55Z
City of Lakeland,BLD26-04060,2026-07-09,,,,1880 CRYSTAL LAKE DR N # 4,LAKELAND,FL,33801,13801,Permit,Roof,reroof,20000.0,,,,,,,,,https://ims.lakelandgov.net/ims/Account/Anonymous?returnUrl=%2Fims%2FFind3%3Fcat%3DPermits,https://services1.arcgis.com/mcbQY5xNGGGM1vBX/arcgis/rest/services/IMS_Projects_Permits/FeatureServer/6,2026-07-13T20:42:55Z
City of Lakeland,BLD26-04063,2026-07-09,,,,921 GOLDEN RULE CT N,LAKELAND,FL,33803,25883,Permit,Building Residential,BLD26-01868,1700.0,,,,,,,,,https://ims.lakelandgov.net/ims/Account/Anonymous?returnUrl=%2Fims%2FFind3%3Fcat%3DPermits,https://services1.arcgis.com/mcbQY5xNGGGM1vBX/arcgis/rest/services/IMS_Projects_Permits/FeatureServer/6,2026-07-13T20:42:55Z
City of Lakeland,BLD26-04064,2026-07-09,,,,1414 WEBSTER AVE N,LAKELAND,FL,33805,73453,Permit,Solar,Residential Roof Mounted Solar Panel Install - 5.72kW DC,13442.0,,,,,,,,,https://ims.lakelandgov.net/ims/Account/Anonymous?returnUrl=%2Fims%2FFind3%3Fcat%3DPermits,https://services1.arcgis.com/mcbQY5xNGGGM1vBX/arcgis/rest/services/IMS_Projects_Permits/FeatureServer/6,2026-07-13T20:42:55Z
City of Lakeland,BLD26-04072,2026-07-10,,,,1209 ALLIUM DR,LAKELAND,FL,33803,230346,Permit,Mechanical,ECO HVAC,13649.0,,,,,,,,,https://ims.lakelandgov.net/ims/Account/Anonymous?returnUrl=%2Fims%2FFind3%3Fcat%3DPermits,https://services1.arcgis.com/mcbQY5xNGGGM1vBX/arcgis/rest/services/IMS_Projects_Permits/FeatureServer/6,2026-07-13T20:42:55Z
City of Lakeland,BLD26-04077,2026-07-10,,,,1815 LOWRY AVE,LAKELAND,FL,33801,40481,Permit,Electrical,Indoor Panel Change,1500.0,,,,QUALITY ELECTRIC AND CONSTRUCTION (EC13013983),,,,,https://ims.lakelandgov.net/ims/Account/Anonymous?returnUrl=%2Fims%2FFind3%3Fcat%3DPermits,https://services1.arcgis.com/mcbQY5xNGGGM1vBX/arcgis/rest/services/IMS_Projects_Permits/FeatureServer/6,2026-07-13T20:42:55Z
City of Lakeland,BLD26-04078,2026-07-10,,,,1000 LONGFELLOW BLVD,LAKELAND,FL,33801,117374,Permit,Plumbing,Water heater install,1848.0,,,,,,,,,https://ims.lakelandgov.net/ims/Account/Anonymous?returnUrl=%2Fims%2FFind3%3Fcat%3DPermits,https://services1.arcgis.com/mcbQY5xNGGGM1vBX/arcgis/rest/services/IMS_Projects_Permits/FeatureServer/6,2026-07-13T20:42:55Z
City of Lakeland,BLD26-04080,2026-07-10,,,,1111 FOREST PARK ST,LAKELAND,FL,33803,85106,Permit,Electrical,HVAC Renovation,129369.0,,,,,,,,,https://ims.lakelandgov.net/ims/Account/Anonymous?returnUrl=%2Fims%2FFind3%3Fcat%3DPermits,https://services1.arcgis.com/mcbQY5xNGGGM1vBX/arcgis/rest/services/IMS_Projects_Permits/FeatureServer/6,2026-07-13T20:42:55Z
City of Lakeland,BLD26-04085,2026-07-10,,,,727 MARTINIQUE CIR,LAKELAND,FL,33803,86458,Permit,Mechanical,Mechanical - HVAC Change Out 4 ton,14500.0,,,,,,,,,https://ims.lakelandgov.net/ims/Account/Anonymous?returnUrl=%2Fims%2FFind3%3Fcat%3DPermits,https://services1.arcgis.com/mcbQY5xNGGGM1vBX/arcgis/rest/services/IMS_Projects_Permits/FeatureServer/6,2026-07-13T20:42:55Z
City of Lakeland,BLD26-04088,2026-07-10,,,,4942 RIVER BIRCH BND,Lakeland,FL,33811,278519,Permit,Building Residential,PP INSP- LOT 246 / SFR / LAKESIDE PRESERVE PH 2,122940.0,,,,,,,,,https://ims.lakelandgov.net/ims/Account/Anonymous?returnUrl=%2Fims%2FFind3%3Fcat%3DPermits,https://services1.arcgis.com/mcbQY5xNGGGM1vBX/arcgis/rest/services/IMS_Projects_Permits/FeatureServer/6,2026-07-13T20:42:55Z
City of Lakeland,BLD26-04025,2026-07-08,,,,476 CARIBBEAN DR,LAKELAND,FL,33803,6830,Permit,Waterfront,476 CARIBBEAN DR Re-build existing dock,3050.0,,,,,,,,,https://ims.lakelandgov.net/ims/Account/Anonymous?returnUrl=%2Fims%2FFind3%3Fcat%3DPermits,https://services1.arcgis.com/mcbQY5xNGGGM1vBX/arcgis/rest/services/IMS_Projects_Permits/FeatureServer/6,2026-07-13T20:42:55Z
City of Lakeland,BLD26-04028,2026-07-08,,,,4310 FLORIDA AVE S,LAKELAND,FL,33813,88094,Permit,Roof,Repair shingle roof,3800.0,,,,,,,,,https://ims.lakelandgov.net/ims/Account/Anonymous?returnUrl=%2Fims%2FFind3%3Fcat%3DPermits,https://services1.arcgis.com/mcbQY5xNGGGM1vBX/arcgis/rest/services/IMS_Projects_Permits/FeatureServer/6,2026-07-13T20:42:55Z
City of Lakeland,BLD26-04030,2026-07-08,,,,534 PRADO PL,LAKELAND,FL,33803,54300,Permit,Building Residential,PP INSP- REPLACE 15 WINDOWS - SIZE FOR SIZE,11543.0,,,,,,,,,https://ims.lakelandgov.net/ims/Account/Anonymous?returnUrl=%2Fims%2FFind3%3Fcat%3DPermits,https://services1.arcgis.com/mcbQY5xNGGGM1vBX/arcgis/rest/services/IMS_Projects_Permits/FeatureServer/6,2026-07-13T20:42:55Z
City of Lakeland,BLD26-04031,2026-07-08,,,,2121 NEW TAMPA HWY # I-10,LAKELAND,FL,33815,82179,Permit,Roof,TPO Roofover,3300.0,,,,,,,,,https://ims.lakelandgov.net/ims/Account/Anonymous?returnUrl=%2Fims%2FFind3%3Fcat%3DPermits,https://services1.arcgis.com/mcbQY5xNGGGM1vBX/arcgis/rest/services/IMS_Projects_Permits/FeatureServer/6,2026-07-13T20:42:55Z
City of Lakeland,BLD26-04040,2026-07-09,,,,1328 ALAMEDA DR S,LAKELAND,FL,33805,244,Permit,Mechanical,PP INSP- HVAC,14178.0,,,,,,,,,https://ims.lakelandgov.net/ims/Account/Anonymous?returnUrl=%2Fims%2FFind3%3Fcat%3DPermits,https://services1.arcgis.com/mcbQY5xNGGGM1vBX/arcgis/rest/services/IMS_Projects_Permits/FeatureServer/6,2026-07-13T20:42:55Z
City of Lakeland,BLD26-04043,2026-07-09,,,,1808 BALTUSROL CT,LAKELAND,FL,33803,103606,Permit,Building Residential,PP REV & INSP- Replace 1 Door size for size,10700.0,,,,,,,,,https://ims.lakelandgov.net/ims/Account/Anonymous?returnUrl=%2Fims%2FFind3%3Fcat%3DPermits,https://services1.arcgis.com/mcbQY5xNGGGM1vBX/arcgis/rest/services/IMS_Projects_Permits/FeatureServer/6,2026-07-13T20:42:55Z
City of Lakeland,BLD26-04053,2026-07-09,,,,1104 HICKORY BRANCH DR,Lakeland,FL,33811,278453,Permit,Building Residential,PP REVS & INSP - NVR Inc. DBA Ryan Homes,229200.0,,,,,,,,,https://ims.lakelandgov.net/ims/Account/Anonymous?returnUrl=%2Fims%2FFind3%3Fcat%3DPermits,https://services1.arcgis.com/mcbQY5xNGGGM1vBX/arcgis/rest/services/IMS_Projects_Permits/FeatureServer/6,2026-07-13T20:42:55Z
City of Lakeland,BLD26-04055,2026-07-09,,,,5110 SPANISH OAKS DR,LAKELAND,FL,33805,159325,Permit,Roof,Roof,14725.0,,,,,,,,,https://ims.lakelandgov.net/ims/Account/Anonymous?returnUrl=%2Fims%2FFind3%3Fcat%3DPermits,https://services1.arcgis.com/mcbQY5xNGGGM1vBX/arcgis/rest/services/IMS_Projects_Permits/FeatureServer/6,2026-07-13T20:42:55Z
City of Lakeland,BLD26-04058,2026-07-09,,,,3384 HWY 98  N,Lakeland,FL,33805,267262,Permit,Building Commercial,posh salon suites dumpster enclosure,7500.0,,,,,,,,,https://ims.lakelandgov.net/ims/Account/Anonymous?returnUrl=%2Fims%2FFind3%3Fcat%3DPermits,https://services1.arcgis.com/mcbQY5xNGGGM1vBX/arcgis/rest/services/IMS_Projects_Permits/FeatureServer/6,2026-07-13T20:42:55Z
City of Lakeland,BLD26-04061,2026-07-09,,,,1880 CRYSTAL LAKE DR N # 31,LAKELAND,FL,33801,13822,Permit,Roof,REROOF,11000.0,,,,,,,,,https://ims.lakelandgov.net/ims/Account/Anonymous?returnUrl=%2Fims%2FFind3%3Fcat%3DPermits,https://services1.arcgis.com/mcbQY5xNGGGM1vBX/arcgis/rest/services/IMS_Projects_Permits/FeatureServer/6,2026-07-13T20:42:55Z
City of Lakeland,BLD26-04067,2026-07-09,,,,1776 HARDEN BLVD # 56,LAKELAND,FL,33803,28184,Permit,Mechanical,2 Ton equal Change out. Air handler and condenser.,1850.0,,,,,,,,,https://ims.lakelandgov.net/ims/Account/Anonymous?returnUrl=%2Fims%2FFind3%3Fcat%3DPermits,https://services1.arcgis.com/mcbQY5xNGGGM1vBX/arcgis/rest/services/IMS_Projects_Permits/FeatureServer/6,2026-07-13T20:42:55Z
City of Lakeland,BLD26-04068,2026-07-10,,,,4316 HWY 98  N # 100,LAKELAND,FL,33809,217343,Permit,Mechanical,HVAC Changeout,6100.0,,,,,,,,,https://ims.lakelandgov.net/ims/Account/Anonymous?returnUrl=%2Fims%2FFind3%3Fcat%3DPermits,https://services1.arcgis.com/mcbQY5xNGGGM1vBX/arcgis/rest/services/IMS_Projects_Permits/FeatureServer/6,2026-07-13T20:42:55Z
City of Lakeland,BLD26-04070,2026-07-10,,,,637 CAREY PL,LAKELAND,FL,33803,6823,Permit,Electrical,Install 50a inlet for portable generator,1615.0,,,,,,,,,https://ims.lakelandgov.net/ims/Account/Anonymous?returnUrl=%2Fims%2FFind3%3Fcat%3DPermits,https://services1.arcgis.com/mcbQY5xNGGGM1vBX/arcgis/rest/services/IMS_Projects_Permits/FeatureServer/6,2026-07-13T20:42:55Z
City of Lakeland,BLD26-04073,2026-07-10,,,,5218 CORNELL ST,LAKELAND,FL,33810,11503,Permit,Building Residential,Truss replacement,14711.0,,,,,,,,,https://ims.lakelandgov.net/ims/Account/Anonymous?returnUrl=%2Fims%2FFind3%3Fcat%3DPermits,https://services1.arcgis.com/mcbQY5xNGGGM1vBX/arcgis/rest/services/IMS_Projects_Permits/FeatureServer/6,2026-07-13T20:42:55Z
City of Lakeland,BLD26-04074,2026-07-10,,,,1452 SHOREWOOD DR,LAKELAND,FL,33803,64540,Permit,Mechanical,CHANGE OUT HVAC SYSTEM,10180.0,,,,,,,,,https://ims.lakelandgov.net/ims/Account/Anonymous?returnUrl=%2Fims%2FFind3%3Fcat%3DPermits,https://services1.arcgis.com/mcbQY5xNGGGM1vBX/arcgis/rest/services/IMS_Projects_Permits/FeatureServer/6,2026-07-13T20:42:55Z
City of Lakeland,BLD26-04075,2026-07-10,,,,3216 CLEVELAND HEIGHTS BLVD,LAKELAND,FL,33803,86726,Permit,Roof,Reroof,5000.0,,,,,,,,,https://ims.lakelandgov.net/ims/Account/Anonymous?returnUrl=%2Fims%2FFind3%3Fcat%3DPermits,https://services1.arcgis.com/mcbQY5xNGGGM1vBX/arcgis/rest/services/IMS_Projects_Permits/FeatureServer/6,2026-07-13T20:42:55Z
City of Lakeland,BLD26-04081,2026-07-10,,,,1600 LAKELAND HILLS BLVD,LAKELAND,FL,33805,37485,Permit,Building Commercial,Interior Renovation,816383.0,,,,,,,,,https://ims.lakelandgov.net/ims/Account/Anonymous?returnUrl=%2Fims%2FFind3%3Fcat%3DPermits,https://services1.arcgis.com/mcbQY5xNGGGM1vBX/arcgis/rest/services/IMS_Projects_Permits/FeatureServer/6,2026-07-13T20:42:55Z
City of Lakeland,BLD26-04015,2026-07-08,,,,540 PRADO PL,LAKELAND,FL,33803,86174,Permit,Mechanical,REPLACE 4 TON HEAT PUMP SPLIT SYSTEM,8000.0,,,,,,,,,https://ims.lakelandgov.net/ims/Account/Anonymous?returnUrl=%2Fims%2FFind3%3Fcat%3DPermits,https://services1.arcgis.com/mcbQY5xNGGGM1vBX/arcgis/rest/services/IMS_Projects_Permits/FeatureServer/6,2026-07-13T20:42:55Z
City of Lakeland,BLD26-04016,2026-07-08,,,,912 GOLDEN RULE CT N,LAKELAND,FL,33803,85333,Permit,Mechanical,PP INSP- HVAC,12559.0,,,,,,,,,https://ims.lakelandgov.net/ims/Account/Anonymous?returnUrl=%2Fims%2FFind3%3Fcat%3DPermits,https://services1.arcgis.com/mcbQY5xNGGGM1vBX/arcgis/rest/services/IMS_Projects_Permits/FeatureServer/6,2026-07-13T20:42:55Z
City of Lakeland,BLD26-04019,2026-07-08,,,,606 RANGPUR ST,LAKELAND,FL,33803,197252,Permit,Mechanical,Replace 2.5 ton system,14665.0,,,,,,,,,https://ims.lakelandgov.net/ims/Account/Anonymous?returnUrl=%2Fims%2FFind3%3Fcat%3DPermits,https://services1.arcgis.com/mcbQY5xNGGGM1vBX/arcgis/rest/services/IMS_Projects_Permits/FeatureServer/6,2026-07-13T20:42:55Z
City of Lakeland,BLD26-04023,2026-07-08,,,,2425 HARDEN BLVD # 5,LAKELAND,FL,33803,28453,Permit,Building Residential,2425 HARDEN BLVD # 5 NEW SIDING,8000.0,,,,,,,,,https://ims.lakelandgov.net/ims/Account/Anonymous?returnUrl=%2Fims%2FFind3%3Fcat%3DPermits,https://services1.arcgis.com/mcbQY5xNGGGM1vBX/arcgis/rest/services/IMS_Projects_Permits/FeatureServer/6,2026-07-13T20:42:55Z
City of Lakeland,BLD26-04024,2026-07-08,,,,468 CARIBBEAN DR,LAKELAND,FL,33803,86473,Permit,Waterfront,468 CARIBBEAN DR Re-build existing dock,4950.0,,,,,,,,,https://ims.lakelandgov.net/ims/Account/Anonymous?returnUrl=%2Fims%2FFind3%3Fcat%3DPermits,https://services1.arcgis.com/mcbQY5xNGGGM1vBX/arcgis/rest/services/IMS_Projects_Permits/FeatureServer/6,2026-07-13T20:42:55Z
City of Lakeland,BLD26-04026,2026-07-08,,,,810 ELIZABETH LN,LAKELAND,FL,33809,18788,Permit,Mechanical,CHANGE OUT EXISTING,6695.0,,,,,,,,,https://ims.lakelandgov.net/ims/Account/Anonymous?returnUrl=%2Fims%2FFind3%3Fcat%3DPermits,https://services1.arcgis.com/mcbQY5xNGGGM1vBX/arcgis/rest/services/IMS_Projects_Permits/FeatureServer/6,2026-07-13T20:42:55Z
City of Lakeland,BLD26-04027,2026-07-08,,,,222 ORANGEVIEW LN,LAKELAND,FL,33803,50642,Permit,Building Residential,Window and door replacement,4360.0,,,,CASTELLON CONSTRUCTION PROS (CGC1538687),,,,,https://ims.lakelandgov.net/ims/Account/Anonymous?returnUrl=%2Fims%2FFind3%3Fcat%3DPermits,https://services1.arcgis.com/mcbQY5xNGGGM1vBX/arcgis/rest/services/IMS_Projects_Permits/FeatureServer/6,2026-07-13T20:42:55Z
City of Lakeland,BLD26-04029,2026-07-08,,,,1415 WINSTON PARK BLVD,LAKELAND,FL,33811,247232,Permit,Building Commercial,Installation of New Prefab Guard House,250000.0,,,,,,,,,https://ims.lakelandgov.net/ims/Account/Anonymous?returnUrl=%2Fims%2FFind3%3Fcat%3DPermits,https://services1.arcgis.com/mcbQY5xNGGGM1vBX/arcgis/rest/services/IMS_Projects_Permits/FeatureServer/6,2026-07-13T20:42:55Z
City of Lakeland,BLD26-04038,2026-07-08,,,,320 CRESAP ST,LAKELAND,FL,33815,12622,Permit,Building Commercial,New screen room (aluminum roof) 46' x 18' with new Concrete slab,10000.0,,,,,,,,,https://ims.lakelandgov.net/ims/Account/Anonymous?returnUrl=%2Fims%2FFind3%3Fcat%3DPermits,https://services1.arcgis.com/mcbQY5xNGGGM1vBX/arcgis/rest/services/IMS_Projects_Permits/FeatureServer/6,2026-07-13T20:42:55Z
City of Lakeland,BLD26-04046,2026-07-09,,,,403 EASTON DR,LAKELAND,FL,33803,17227,Permit,Building Residential,CHANGE OUT GARAGE DOOR SIZE FOR SIZE,3200.0,,,,,,,,,https://ims.lakelandgov.net/ims/Account/Anonymous?returnUrl=%2Fims%2FFind3%3Fcat%3DPermits,https://services1.arcgis.com/mcbQY5xNGGGM1vBX/arcgis/rest/services/IMS_Projects_Permits/FeatureServer/6,2026-07-13T20:42:55Z
City of Lakeland,BLD26-04048,2026-07-09,,,,611 FOREST LAKE DR,LAKELAND,FL,33809,22820,Permit,Building Residential,Remove Aluminum Cabana screen room and rebuild new Aluminum Screen room to Current Florida Building,31662.0,,,,,,,,,https://ims.lakelandgov.net/ims/Account/Anonymous?returnUrl=%2Fims%2FFind3%3Fcat%3DPermits,https://services1.arcgis.com/mcbQY5xNGGGM1vBX/arcgis/rest/services/IMS_Projects_Permits/FeatureServer/6,2026-07-13T20:42:55Z
City of Lakeland,BLD26-04049,2026-07-09,,,,3400 UNIVERSITY BLVD,Lakeland,FL,33805,215063,Permit,Electrical,Temp power industrial park construction (at Park 4),2499.0,,,,L C ELECTRIC INC (EC13013751),,,,,https://ims.lakelandgov.net/ims/Account/Anonymous?returnUrl=%2Fims%2FFind3%3Fcat%3DPermits,https://services1.arcgis.com/mcbQY5xNGGGM1vBX/arcgis/rest/services/IMS_Projects_Permits/FeatureServer/6,2026-07-13T20:42:55Z
City of Lakeland,BLD26-04052,2026-07-09,,,,3291 CUP DR,LAKELAND,FL,33803,255243,Permit,Building Residential,3291 CUP DR Grasslands West: New Single Family Residence Lot 60,227040.0,,,,,,,,,https://ims.lakelandgov.net/ims/Account/Anonymous?returnUrl=%2Fims%2FFind3%3Fcat%3DPermits,https://services1.arcgis.com/mcbQY5xNGGGM1vBX/arcgis/rest/services/IMS_Projects_Permits/FeatureServer/6,2026-07-13T20:42:55Z
City of Lakeland,BLD26-04069,2026-07-10,,,,1971 LONG BOAT DR,LAKELAND,FL,33810,39946,Permit,Roof,Reroof house with shingles,7975.0,,,,,,,,,https://ims.lakelandgov.net/ims/Account/Anonymous?returnUrl=%2Fims%2FFind3%3Fcat%3DPermits,https://services1.arcgis.com/mcbQY5xNGGGM1vBX/arcgis/rest/services/IMS_Projects_Permits/FeatureServer/6,2026-07-13T20:42:55Z
City of Lakeland,BLD26-04076,2026-07-10,,,,2116 BASSEDENA CIR E,LAKELAND,FL,33805,2578,Permit,Mechanical,ECO HVAC AND DUCTWORK REPLACEMENT,14999.0,,,,,,,,,https://ims.lakelandgov.net/ims/Account/Anonymous?returnUrl=%2Fims%2FFind3%3Fcat%3DPermits,https://services1.arcgis.com/mcbQY5xNGGGM1vBX/arcgis/rest/services/IMS_Projects_Permits/FeatureServer/6,2026-07-13T20:42:55Z
City of Lakeland,BLD26-04082,2026-07-10,,,,1928 BRUCE ST,LAKELAND,FL,33801,5468,Permit,Mechanical,HVAC CHANGE OUT,26888.0,,,,,,,,,https://ims.lakelandgov.net/ims/Account/Anonymous?returnUrl=%2Fims%2FFind3%3Fcat%3DPermits,https://services1.arcgis.com/mcbQY5xNGGGM1vBX/arcgis/rest/services/IMS_Projects_Permits/FeatureServer/6,2026-07-13T20:42:55Z
City of Lakeland,BLD26-04087,2026-07-10,,,,4367 RIVER BIRCH BND,Lakeland,FL,33811,273922,Permit,Building Residential,PP INSP - LOT 129 / SFR / LAKESIDE PRESERVE PH 2,101160.0,,,,,,,,,https://ims.lakelandgov.net/ims/Account/Anonymous?returnUrl=%2Fims%2FFind3%3Fcat%3DPermits,https://services1.arcgis.com/mcbQY5xNGGGM1vBX/arcgis/rest/services/IMS_Projects_Permits/FeatureServer/6,2026-07-13T20:42:55Z
City of Lakeland,BLD26-04089,2026-07-10,,,,4816 PILGRIM LN,LAKELAND,FL,33810,79309,Permit,Mechanical,New 2 ton A/C and 3 ton change out,4875.0,,,,,,,,,https://ims.lakelandgov.net/ims/Account/Anonymous?returnUrl=%2Fims%2FFind3%3Fcat%3DPermits,https://services1.arcgis.com/mcbQY5xNGGGM1vBX/arcgis/rest/services/IMS_Projects_Permits/FeatureServer/6,2026-07-13T20:42:55Z
City of Lakeland,BLD26-04017,2026-07-08,,,,4224 STAFFORDSHIRE DR,LAKELAND,FL,33809,79505,Permit,Building Residential,PP REVS & INSP - Replace 2 Doors size for size,6500.0,,,,,,,,,https://ims.lakelandgov.net/ims/Account/Anonymous?returnUrl=%2Fims%2FFind3%3Fcat%3DPermits,https://services1.arcgis.com/mcbQY5xNGGGM1vBX/arcgis/rest/services/IMS_Projects_Permits/FeatureServer/6,2026-07-13T20:42:55Z
City of Lakeland,BLD26-04018,2026-07-08,,,,3440 WHITMAN CIR,LAKELAND,FL,33803,92005,Permit,Plumbing,Repipe,4500.0,,,,,,,,,https://ims.lakelandgov.net/ims/Account/Anonymous?returnUrl=%2Fims%2FFind3%3Fcat%3DPermits,https://services1.arcgis.com/mcbQY5xNGGGM1vBX/arcgis/rest/services/IMS_Projects_Permits/FeatureServer/6,2026-07-13T20:42:55Z
City of Lakeland,BLD26-04020,2026-07-08,,,,2321 HONEY DR,LAKELAND,FL,33801,31259,Permit,Roof,new roof,4800.0,,,,Anna Branch,,,,,https://ims.lakelandgov.net/ims/Account/Anonymous?returnUrl=%2Fims%2FFind3%3Fcat%3DPermits,https://services1.arcgis.com/mcbQY5xNGGGM1vBX/arcgis/rest/services/IMS_Projects_Permits/FeatureServer/6,2026-07-13T20:42:55Z
City of Lakeland,BLD26-04021,2026-07-08,,,,6204 CRANE DR,LAKELAND,FL,33809,77489,Permit,Roof,Re-Roof,12350.0,,,,,,,,,https://ims.lakelandgov.net/ims/Account/Anonymous?returnUrl=%2Fims%2FFind3%3Fcat%3DPermits,https://services1.arcgis.com/mcbQY5xNGGGM1vBX/arcgis/rest/services/IMS_Projects_Permits/FeatureServer/6,2026-07-13T20:42:55Z
City of Lakeland,BLD26-04032,2026-07-08,,,,1122 HALLAMWOOD CT,LAKELAND,FL,33813,27673,Permit,Building Residential,PP INSP- Remove and replace 9 windows and 2 doors.,49409.0,,,,,,,,,https://ims.lakelandgov.net/ims/Account/Anonymous?returnUrl=%2Fims%2FFind3%3Fcat%3DPermits,https://services1.arcgis.com/mcbQY5xNGGGM1vBX/arcgis/rest/services/IMS_Projects_Permits/FeatureServer/6,2026-07-13T20:42:55Z
City of Lakeland,BLD26-04034,2026-07-08,,,,1109 HALLAM DR,LAKELAND,FL,33813,89297,Permit,Building Residential,Backyard shed,4000.0,,,,,,,,,https://ims.lakelandgov.net/ims/Account/Anonymous?returnUrl=%2Fims%2FFind3%3Fcat%3DPermits,https://services1.arcgis.com/mcbQY5xNGGGM1vBX/arcgis/rest/services/IMS_Projects_Permits/FeatureServer/6,2026-07-13T20:42:55Z
City of Lakeland,BLD26-04036,2026-07-08,,,,223 VALENCIA ST W,LAKELAND,FL,33805,116198,Permit,Roof,Re-Roof,11500.0,,,,,,,,,https://ims.lakelandgov.net/ims/Account/Anonymous?returnUrl=%2Fims%2FFind3%3Fcat%3DPermits,https://services1.arcgis.com/mcbQY5xNGGGM1vBX/arcgis/rest/services/IMS_Projects_Permits/FeatureServer/6,2026-07-13T20:42:55Z
City of Lakeland,BLD26-04037,2026-07-08,,,,4355 CORPORATE AVE # 106,LAKELAND,FL,33809,128983,Permit,Mechanical,2-ton equal change out. air handler and condenser.,1465.0,,,,,,,,,https://ims.lakelandgov.net/ims/Account/Anonymous?returnUrl=%2Fims%2FFind3%3Fcat%3DPermits,https://services1.arcgis.com/mcbQY5xNGGGM1vBX/arcgis/rest/services/IMS_Projects_Permits/FeatureServer/6,2026-07-13T20:42:55Z
City of Lakeland,BLD26-04041,2026-07-09,,,,730 ERIE CT,LAKELAND,FL,33803,151013,Permit,Building Residential,PP REV & INSP- Replace 5 Windows and 1 Door Size for Size,7000.0,,,,,,,,,https://ims.lakelandgov.net/ims/Account/Anonymous?returnUrl=%2Fims%2FFind3%3Fcat%3DPermits,https://services1.arcgis.com/mcbQY5xNGGGM1vBX/arcgis/rest/services/IMS_Projects_Permits/FeatureServer/6,2026-07-13T20:42:55Z
City of Lakeland,BLD26-04044,2026-07-09,,,,2232 JONILA AVE,LAKELAND,FL,33803,33914,Permit,Mechanical,REPLACE 3 TON STRAIGHT COOL SPLIT SYSTEM,6800.0,,,,,,,,,https://ims.lakelandgov.net/ims/Account/Anonymous?returnUrl=%2Fims%2FFind3%3Fcat%3DPermits,https://services1.arcgis.com/mcbQY5xNGGGM1vBX/arcgis/rest/services/IMS_Projects_Permits/FeatureServer/6,2026-07-13T20:42:55Z
City of Lakeland,BLD26-04045,2026-07-09,,,,2435 TAHOE DR,LAKELAND,FL,33805,166943,Permit,Pool,2435 TAHOE DR New Swimming Pool and Spa,119400.0,,,,,,,,,https://ims.lakelandgov.net/ims/Account/Anonymous?returnUrl=%2Fims%2FFind3%3Fcat%3DPermits,https://services1.arcgis.com/mcbQY5xNGGGM1vBX/arcgis/rest/services/IMS_Projects_Permits/FeatureServer/6,2026-07-13T20:42:55Z
City of Lakeland,BLD26-04047,2026-07-09,,,,603 SAGAMORE ST,LAKELAND,FL,33803,62373,Permit,Mechanical,PP INSP - HVAC,14813.0,,,,,,,,,https://ims.lakelandgov.net/ims/Account/Anonymous?returnUrl=%2Fims%2FFind3%3Fcat%3DPermits,https://services1.arcgis.com/mcbQY5xNGGGM1vBX/arcgis/rest/services/IMS_Projects_Permits/FeatureServer/6,2026-07-13T20:42:55Z
City of Lakeland,BLD26-04054,2026-07-09,,,,235 FLORIDA AVE N,LAKELAND,FL,33801,20844,Permit,Building Commercial,Remodel and Renovation,3400000.0,,,,,,,,,https://ims.lakelandgov.net/ims/Account/Anonymous?returnUrl=%2Fims%2FFind3%3Fcat%3DPermits,https://services1.arcgis.com/mcbQY5xNGGGM1vBX/arcgis/rest/services/IMS_Projects_Permits/FeatureServer/6,2026-07-13T20:42:55Z
City of Lakeland,BLD26-04059,2026-07-09,,,,930 PROVIDENCE RESERVE LOOP # 201,LAKELAND,FL,33805,142127,Permit,Plumbing,Water Heater Replacement,955.0,,,,,,,,,https://ims.lakelandgov.net/ims/Account/Anonymous?returnUrl=%2Fims%2FFind3%3Fcat%3DPermits,https://services1.arcgis.com/mcbQY5xNGGGM1vBX/arcgis/rest/services/IMS_Projects_Permits/FeatureServer/6,2026-07-13T20:42:55Z
City of Lakeland,BLD26-04062,2026-07-09,,,,1880 CRYSTAL LAKE DR N # 35,LAKELAND,FL,33801,13825,Permit,Roof,REROOF,20000.0,,,,,,,,,https://ims.lakelandgov.net/ims/Account/Anonymous?returnUrl=%2Fims%2FFind3%3Fcat%3DPermits,https://services1.arcgis.com/mcbQY5xNGGGM1vBX/arcgis/rest/services/IMS_Projects_Permits/FeatureServer/6,2026-07-13T20:42:55Z
City of Lakeland,BLD26-04065,2026-07-09,,,,1854 CASCO ST,LAKELAND,FL,33801,7532,Permit,Building Residential,Replace 2 Wire Branch Circuits,2500.0,,,,,,,,,https://ims.lakelandgov.net/ims/Account/Anonymous?returnUrl=%2Fims%2FFind3%3Fcat%3DPermits,https://services1.arcgis.com/mcbQY5xNGGGM1vBX/arcgis/rest/services/IMS_Projects_Permits/FeatureServer/6,2026-07-13T20:42:55Z
City of Lakeland,BLD26-04066,2026-07-09,,,,3316 FLORIDA AVE N,LAKELAND,FL,33805,21295,Permit,Building Residential,PP REVS & INSP - renovating per plan,50000.0,,,,,,,,,https://ims.lakelandgov.net/ims/Account/Anonymous?returnUrl=%2Fims%2FFind3%3Fcat%3DPermits,https://services1.arcgis.com/mcbQY5xNGGGM1vBX/arcgis/rest/services/IMS_Projects_Permits/FeatureServer/6,2026-07-13T20:42:55Z
City of Lakeland,BLD26-04071,2026-07-10,,,,3430 UNIVERSITY BLVD,Lakeland,FL,33805,268126,Permit,Electrical,temp pole for industrial park construction site.,2499.0,,,,,,,,,https://ims.lakelandgov.net/ims/Account/Anonymous?returnUrl=%2Fims%2FFind3%3Fcat%3DPermits,https://services1.arcgis.com/mcbQY5xNGGGM1vBX/arcgis/rest/services/IMS_Projects_Permits/FeatureServer/6,2026-07-13T20:42:55Z
City of Lakeland,BLD26-04079,2026-07-10,,,,1911 HALLAM DR,LAKELAND,FL,33813,89710,Permit,Roof,Re-Roof,21150.0,,,,,,,,,https://ims.lakelandgov.net/ims/Account/Anonymous?returnUrl=%2Fims%2FFind3%3Fcat%3DPermits,https://services1.arcgis.com/mcbQY5xNGGGM1vBX/arcgis/rest/services/IMS_Projects_Permits/FeatureServer/6,2026-07-13T20:42:55Z
City of Lakeland,BLD26-04083,2026-07-10,,,,222 EDGEWOOD DR E,LAKELAND,FL,33803,17575,Permit,Roof,New Roof Install,5500.0,,,,brandin pettersen,,,,,https://ims.lakelandgov.net/ims/Account/Anonymous?returnUrl=%2Fims%2FFind3%3Fcat%3DPermits,https://services1.arcgis.com/mcbQY5xNGGGM1vBX/arcgis/rest/services/IMS_Projects_Permits/FeatureServer/6,2026-07-13T20:42:55Z
City of Lakeland,BLD26-04084,2026-07-10,,,,1479 TOWN CENTER DR,LAKELAND,FL,33803,160783,Permit,Sign,"Installation of one (1) new illuminated, flush-mounted front-lit channel letter wall sign",1000.0,,,,Kaitlin Williams,,,,,https://ims.lakelandgov.net/ims/Account/Anonymous?returnUrl=%2Fims%2FFind3%3Fcat%3DPermits,https://services1.arcgis.com/mcbQY5xNGGGM1vBX/arcgis/rest/services/IMS_Projects_Permits/FeatureServer/6,2026-07-13T20:42:55Z
City of Lakeland,BLD26-04086,2026-07-10,,,,4936 RIVER BIRCH BND,Lakeland,FL,33811,278518,Permit,Building Residential,PP INSP- LOT 245 / SFR / LAKESIDE PRESERVE PH 2,132120.0,,,,,,,,,https://ims.lakelandgov.net/ims/Account/Anonymous?returnUrl=%2Fims%2FFind3%3Fcat%3DPermits,https://services1.arcgis.com/mcbQY5xNGGGM1vBX/arcgis/rest/services/IMS_Projects_Permits/FeatureServer/6,2026-07-13T20:42:55Z
City of Lakeland,BLD26-04090,2026-07-12,,,,3625 NEW JERSEY RD # 149,LAKELAND,FL,33803,123664,Permit,Mechanical,1.5-Ton equal change out. Air handler and condenser.,1465.0,,,,,,,,,https://ims.lakelandgov.net/ims/Account/Anonymous?returnUrl=%2Fims%2FFind3%3Fcat%3DPermits,https://services1.arcgis.com/mcbQY5xNGGGM1vBX/arcgis/rest/services/IMS_Projects_Permits/FeatureServer/6,2026-07-13T20:42:55Z
City of Lakeland,BLD26-04091,2026-07-12,,,,3625 NEW JERSEY RD # 154,LAKELAND,FL,33803,123669,Permit,Mechanical,1.5-Ton equal change out. Air handler and condenser.,1465.0,,,,,,,,,https://ims.lakelandgov.net/ims/Account/Anonymous?returnUrl=%2Fims%2FFind3%3Fcat%3DPermits,https://services1.arcgis.com/mcbQY5xNGGGM1vBX/arcgis/rest/services/IMS_Projects_Permits/FeatureServer/6,2026-07-13T20:42:55Z
Hernando County,0501564,2029-04-30,2024-06-13,,I,,,FL,,947792,ROOF REPLACEMENT,RFRP,ROOF REPLACEMENT,19736.0,,,,WELDER GARRY D,WELDER GARRY D,,,,,https://services2.arcgis.com/x5zvhhxfUuRDntRe/arcgis/rest/services/HernandoBuilders/FeatureServer/63,2026-07-13T20:42:55Z
Hernando County,0501564,,2024-06-13,,I,,,FL,,947792,ROOF REPLACEMENT,RFRP,ROOF REPLACEMENT,19736.0,,,,WELDER GARRY D,WELDER GARRY D,,,,,https://services2.arcgis.com/x5zvhhxfUuRDntRe/arcgis/rest/services/HernandoBuilders/FeatureServer/63,2026-07-13T20:52:08Z
City of Tampa,BDE-26-0445661,2026-06-29,2026-07-08,,Issued,308 N  Habana Ave,Tampa,FL,33609,,Residential Demolition Permit,Residential,TOTAL DEMO OF A ONE STORY SFR WITH ATTACHED WOOD UTILITY SHED. NEW CONSTRUCTION OF A SFR WILL BE BUILT AFTER DEMO IS COMPLETE,,0.0,,,,,DEMO SFR,,,https://aca-prod.accela.com/TAMPA/Cap/CapDetail.aspx?Module=Building&TabName=Building&capID1=26CAP&capID2=00000&capID3=01UXT&agencyCode=TAMPA,https://arcgis.tampagov.net/arcgis/rest/services/Planning/ConstructionInspections/MapServer/0,2026-07-13T21:07:09Z
City of Tampa,BLD-26-0521382,2025-12-22,2026-07-08,,Revision,4200   George J Bean Pkwy,Tampa,FL,33607,,Commercial Building Alterations (Renovations),Residential,"public spaces renovations. Interior renovation to include: Mechanical, Electrical, Plumbing, Building and Fire",,0.0,,,,,THRESHOLD: Interior Remodel (TAMPA AIRPORT MARRIOTT),,,https://aca-prod.accela.com/TAMPA/Cap/CapDetail.aspx?Module=Building&TabName=Building&capID1=25CAP&capID2=00000&capID3=02ZHS&agencyCode=TAMPA,https://arcgis.tampagov.net/arcgis/rest/services/Planning/ConstructionInspections/MapServer/0,2026-07-13T21:07:09Z
City of Tampa,BLD-22-0490418,2022-01-31,2026-07-08,,Revision,4732 N  Dale Mabry Hwy,Tampa,FL,33614,,Commercial New Construction and Additions,Assembly,"Construct site/foundation for new Starbucks building with associated parking, utilities and landscaping",,3155.0,,,,,STARBUCKS: Site/Foundation,,,https://aca-prod.accela.com/TAMPA/Cap/CapDetail.aspx?Module=Building&TabName=Building&capID1=22CAP&capID2=00000&capID3=005QR&agencyCode=TAMPA,https://arcgis.tampagov.net/arcgis/rest/services/Planning/ConstructionInspections/MapServer/0,2026-07-13T21:07:09Z
City of Tampa,BLD-25-0514567,2025-03-06,2026-07-08,,Revision,2520 W  Hillsborough Ave,Tampa,FL,33614,,Commercial Building Alterations (Renovations),Mercantile,"REACTIVATED - COMMERCIAL TENANT IMPROVEMENT WITHIN THE EXISTING STRUCTURE LOCATED AT 2520 W HILLSBOROUGH AVE, TAMPA, FL 33614. THE SPACE OPERATES AS A COMMERCIAL TENANT IMPROVEMENT WITHIN THE EXISTING STRUCTURE. PROJECT SCOPE INCLUDES INSTALLATION OF EQUIPMENT FOR FOOD PREPARATION ACTIVITY",,0.0,,,,,REACTIVATED - Interior renovation - Arch and MEPs,,,https://aca-prod.accela.com/TAMPA/Cap/CapDetail.aspx?Module=Building&TabName=Building&capID1=25CAP&capID2=00000&capID3=00E1Y&agencyCode=TAMPA,https://arcgis.tampagov.net/arcgis/rest/services/Planning/ConstructionInspections/MapServer/0,2026-07-13T21:07:09Z
City of Lakeland,ADU26-003,2026-07-08,,,,1109 HALLAM DR,LAKELAND,FL,33813,89297,Project,Accessory Dwelling Unit,Backyard shed,,,,,,,,,,https://ims.lakelandgov.net/ims/Account/Anonymous?returnUrl=%2Fims%2FFind3%3Fcat%3DPermits,https://services1.arcgis.com/mcbQY5xNGGGM1vBX/arcgis/rest/services/IMS_Projects_Permits/FeatureServer/6,2026-07-13T21:07:09Z
City of Lakeland,CPT26-066,2026-07-10,,,,804 CUMBERLAND ST,LAKELAND,FL,33801,14112,Project,Concept Plan,Donna Steadham,,,,,,,,,,https://ims.lakelandgov.net/ims/Account/Anonymous?returnUrl=%2Fims%2FFind3%3Fcat%3DPermits,https://services1.arcgis.com/mcbQY5xNGGGM1vBX/arcgis/rest/services/IMS_Projects_Permits/FeatureServer/6,2026-07-13T21:07:09Z
City of Lakeland,CPT26-067,2026-07-10,,,,120 MEMORIAL BLVD W,LAKELAND,FL,33815,114640,Project,Concept Plan,Take 5 Lakeland,,,,,allison haire,,,,,https://ims.lakelandgov.net/ims/Account/Anonymous?returnUrl=%2Fims%2FFind3%3Fcat%3DPermits,https://services1.arcgis.com/mcbQY5xNGGGM1vBX/arcgis/rest/services/IMS_Projects_Permits/FeatureServer/6,2026-07-13T21:07:09Z
City of Lakeland,CPT26-069,2026-07-10,,,,1050 SHARON DR,LAKELAND,FL,33809,63927,Project,Concept Plan,Sharon Drive Laundromat & Retail,,,,,,,,,,https://ims.lakelandgov.net/ims/Account/Anonymous?returnUrl=%2Fims%2FFind3%3Fcat%3DPermits,https://services1.arcgis.com/mcbQY5xNGGGM1vBX/arcgis/rest/services/IMS_Projects_Permits/FeatureServer/6,2026-07-13T21:07:09Z
City of Lakeland,ADU26-004,2026-07-11,,,,3425 HWY 98  N,LAKELAND,FL,33809,102726,Project,Accessory Dwelling Unit,Travelodge,,,,,,,,,,https://ims.lakelandgov.net/ims/Account/Anonymous?returnUrl=%2Fims%2FFind3%3Fcat%3DPermits,https://services1.arcgis.com/mcbQY5xNGGGM1vBX/arcgis/rest/services/IMS_Projects_Permits/FeatureServer/6,2026-07-13T21:07:09Z
City of Lakeland,CPT26-070,2026-07-10,,,,3900 DON EMERSON DR,LAKELAND,FL,33811,136852,Project,Concept Plan,Lakeland Linder International Airport Holdroom Expansion,,,,,Christopher Stinson,,,,,https://ims.lakelandgov.net/ims/Account/Anonymous?returnUrl=%2Fims%2FFind3%3Fcat%3DPermits,https://services1.arcgis.com/mcbQY5xNGGGM1vBX/arcgis/rest/services/IMS_Projects_Permits/FeatureServer/6,2026-07-13T21:07:09Z
City of Lakeland,CUP26-007,2026-07-08,,,,1205 MAYFLOWER DR,LAKELAND,FL,33810,43237,Project,Conditional Use Permit,Conditional Use Permit - 1205 Mayflower Dr,,,,,,,,,,https://ims.lakelandgov.net/ims/Account/Anonymous?returnUrl=%2Fims%2FFind3%3Fcat%3DPermits,https://services1.arcgis.com/mcbQY5xNGGGM1vBX/arcgis/rest/services/IMS_Projects_Permits/FeatureServer/6,2026-07-13T21:07:09Z
City of Lakeland,CPT26-068,2026-07-10,,,,4020 PIPKIN RD W,Lakeland,FL,33811,284762,Project,Concept Plan,Pipkin and Medulla Gas Station,,,,,Jason Bullard,,,,,https://ims.lakelandgov.net/ims/Account/Anonymous?returnUrl=%2Fims%2FFind3%3Fcat%3DPermits,https://services1.arcgis.com/mcbQY5xNGGGM1vBX/arcgis/rest/services/IMS_Projects_Permits/FeatureServer/6,2026-07-13T21:07:09Z
City of Lakeland,HPB26-113,2026-07-09,,,,810 INGRAHAM AVE S,LAKELAND,FL,33801,84385,Project,Historic Preservation,Fence Remove and Replace,,,,,,,,,,https://ims.lakelandgov.net/ims/Account/Anonymous?returnUrl=%2Fims%2FFind3%3Fcat%3DPermits,https://services1.arcgis.com/mcbQY5xNGGGM1vBX/arcgis/rest/services/IMS_Projects_Permits/FeatureServer/6,2026-07-13T21:07:09Z
City of Lakeland,HPB26-111,2026-07-08,,,,312 ARIANA ST,LAKELAND,FL,33803,932,Project,Historic Preservation,Ariana Lofts,,,,,Bridgette Donahue,,,,,https://ims.lakelandgov.net/ims/Account/Anonymous?returnUrl=%2Fims%2FFind3%3Fcat%3DPermits,https://services1.arcgis.com/mcbQY5xNGGGM1vBX/arcgis/rest/services/IMS_Projects_Permits/FeatureServer/6,2026-07-13T21:07:09Z
City of Lakeland,HPB26-112,2026-07-09,,,,907 VISTABULA ST,LAKELAND,FL,33801,84121,Project,Historic Preservation,Fence Replacement,,,,,,,,,,https://ims.lakelandgov.net/ims/Account/Anonymous?returnUrl=%2Fims%2FFind3%3Fcat%3DPermits,https://services1.arcgis.com/mcbQY5xNGGGM1vBX/arcgis/rest/services/IMS_Projects_Permits/FeatureServer/6,2026-07-13T21:07:09Z
City of Tampa,BDE-26-0445609,2026-06-08,2026-07-10,,Issued,4216 N  Manhattan Ave,Tampa,FL,33614,,Residential Demolition Permit,Residential,Demolition of a single family residence.,,0.0,,,,,DEMO SFR,,,https://aca-prod.accela.com/TAMPA/Cap/CapDetail.aspx?Module=Building&TabName=Building&capID1=26CAP&capID2=00000&capID3=00WEL&agencyCode=TAMPA,https://arcgis.tampagov.net/arcgis/rest/services/Planning/ConstructionInspections/MapServer/0,2026-07-14T13:28:13Z
City of Tampa,BDE-26-0445664,2026-06-29,2026-07-13,,Issued,7314 S  Sherrill St,Tampa,FL,33616,,Residential Demolition Permit,Residential,Demolition of Single family House,,0.0,,,,,DEMO SFR,,,https://aca-prod.accela.com/TAMPA/Cap/CapDetail.aspx?Module=Building&TabName=Building&capID1=26CAP&capID2=00000&capID3=01V44&agencyCode=TAMPA,https://arcgis.tampagov.net/arcgis/rest/services/Planning/ConstructionInspections/MapServer/0,2026-07-14T13:28:13Z
City of Tampa,BLD-23-0499317,2023-03-01,2026-07-13,,Revision,1015 E  Hillsborough Ave,Tampa,FL,33604,,Commercial New Construction and Additions,Assembly,"Salem's Fresh Eats - OFFICES. This building will serve as an office building for the brand Salem's Fresh Eats, being constructed alongside the other buildings of this address, providing office space for company management. The building will also feature three additional spaces to be leased to retail",,7347.0,,,,,Salem's office Bldg,,,https://aca-prod.accela.com/TAMPA/Cap/CapDetail.aspx?Module=Building&TabName=Building&capID1=23CAP&capID2=00000&capID3=00BYV&agencyCode=TAMPA,https://arcgis.tampagov.net/arcgis/rest/services/Planning/ConstructionInspections/MapServer/0,2026-07-14T13:28:13Z
City of Tampa,BLD-24-0510134,2024-07-09,2026-07-10,,Issued,4206 E  Chelsea St,Tampa,FL,33610,,Commercial Building Alterations (Renovations),Mercantile,"REACTIVATED - SCOPE OF WORK: EXISTING CONVENIENT STORE WITH MINOR (REPLACE AND REPAIR INTERIOR DRYWALL.) A NEW ELECTRICAL, PLUMBING AND MECHANICAL: AND ALSO ADD NEW ELECTRICAL PANEL, HC RESTROOM. Original Application Date 7/9/2024",,0.0,,,,,REACTIVATED - ** ATF CMP-24-0009055**,,,https://aca-prod.accela.com/TAMPA/Cap/CapDetail.aspx?Module=Building&TabName=Building&capID1=24CAP&capID2=00000&capID3=01YT6&agencyCode=TAMPA,https://arcgis.tampagov.net/arcgis/rest/services/Planning/ConstructionInspections/MapServer/0,2026-07-14T13:28:13Z
City of Tampa,BLD-24-0510571,2024-07-29,2026-07-13,,Revision,1302 E  2nd Ave,Tampa,FL,33605,,Commercial New Construction and Additions,Residential,THRESHOLD *PRIVATE PROVIDER: PLAN REVIEW AND INSPECTIONS* *FEMA SFHA: LIMITED PRIVATE PROVIDER - PLAN REVIEW AND INSPECTIONS. CITY OF TAMPA WILL TAKE LEAD ON REVIEWS FOR ALL ITEMS UP TO THE REQUIRED DFE AND INSPECTIONS UP TO REQUIRED DFE AND UNTIL SUCH TIME APPROVAL FOR REQUIRED UNDER-CONSTRUCTION,,590865.0,,,,,FEMA: PP:THRESHOLD: Phase 2: Shell/Complete Gasworx Parcel E3,,,https://aca-prod.accela.com/TAMPA/Cap/CapDetail.aspx?Module=Building&TabName=Building&capID1=24CAP&capID2=00000&capID3=023T7&agencyCode=TAMPA,https://arcgis.tampagov.net/arcgis/rest/services/Planning/ConstructionInspections/MapServer/0,2026-07-14T13:28:13Z
City of Tampa,BLD-25-0517165,2025-07-09,2026-07-11,,Revision,1409 E  Seneca Ave A-B,Tampa,FL,33612,,Commercial Building Alterations (Renovations),Residential,"*PRIVATE PROVIDER - PLAN REVIEW AND INSPECTIONS* 1-THOUGH OUT THE EXISTING HOME, REMOVE AND REPLACE 3650 square feet LIKE FOR LIKE. a.FLOOR FINISH b.BASE BOARDS c.MILLWORK/CASEWORK d.PLUMBING FIXTURES",,0.0,,,,,ACCELERATED: PP: Interior Remodel,,,https://aca-prod.accela.com/TAMPA/Cap/CapDetail.aspx?Module=Building&TabName=Building&capID1=25CAP&capID2=00000&capID3=01YNL&agencyCode=TAMPA,https://arcgis.tampagov.net/arcgis/rest/services/Planning/ConstructionInspections/MapServer/0,2026-07-14T13:28:13Z
City of Lakeland,BLD26-04091,2026-07-12,,,,3625 NEW JERSEY RD # 156,LAKELAND,FL,33803,123671,Permit,Mechanical,1.5-Ton equal change out. Air handler and condenser.,1465.0,,,,,,,,,https://ims.lakelandgov.net/ims/Account/Anonymous?returnUrl=%2Fims%2FFind3%3Fcat%3DPermits,https://services1.arcgis.com/mcbQY5xNGGGM1vBX/arcgis/rest/services/IMS_Projects_Permits/FeatureServer/6,2026-07-14T13:28:13Z
City of Lakeland,BLD26-04092,2026-07-13,,,,5124 SPANISH OAKS DR,LAKELAND,FL,33805,159323,Permit,Mechanical,Equal AC Changeout,9300.0,,,,,,,,,https://ims.lakelandgov.net/ims/Account/Anonymous?returnUrl=%2Fims%2FFind3%3Fcat%3DPermits,https://services1.arcgis.com/mcbQY5xNGGGM1vBX/arcgis/rest/services/IMS_Projects_Permits/FeatureServer/6,2026-07-14T13:28:13Z
City of Lakeland,BLD26-04105,2026-07-13,,,,4920 HWY 33  N,LAKELAND,FL,33805,134797,Permit,Plumbing,PP INSP - Like for like water heater replacement in unit 308,775.0,,,,,,,,,https://ims.lakelandgov.net/ims/Account/Anonymous?returnUrl=%2Fims%2FFind3%3Fcat%3DPermits,https://services1.arcgis.com/mcbQY5xNGGGM1vBX/arcgis/rest/services/IMS_Projects_Permits/FeatureServer/6,2026-07-14T13:28:13Z
City of Lakeland,BLD26-04108,2026-07-13,,,,1039 OLIVE ST,Lakeland,FL,33815,284242,Permit,Building Residential,new construction single family,138160.0,,,,,,,,,https://ims.lakelandgov.net/ims/Account/Anonymous?returnUrl=%2Fims%2FFind3%3Fcat%3DPermits,https://services1.arcgis.com/mcbQY5xNGGGM1vBX/arcgis/rest/services/IMS_Projects_Permits/FeatureServer/6,2026-07-14T13:28:13Z
City of Lakeland,BLD26-04112,2026-07-13,,,,202 HIBRITEN WAY,LAKELAND,FL,33803,29828,Permit,Building Residential,Windows for Existing Screened-In Breezeway,15000.0,,,,David C. Pearce,,,,,https://ims.lakelandgov.net/ims/Account/Anonymous?returnUrl=%2Fims%2FFind3%3Fcat%3DPermits,https://services1.arcgis.com/mcbQY5xNGGGM1vBX/arcgis/rest/services/IMS_Projects_Permits/FeatureServer/6,2026-07-14T13:28:13Z
City of Lakeland,BLD26-04114,2026-07-13,,,,4832 RIVER BIRCH BND,Lakeland,FL,33811,278481,Permit,Building Residential,PP REVS & INSP - NVR Inc. DBA Ryan Homes,138000.0,,,,,,,,,https://ims.lakelandgov.net/ims/Account/Anonymous?returnUrl=%2Fims%2FFind3%3Fcat%3DPermits,https://services1.arcgis.com/mcbQY5xNGGGM1vBX/arcgis/rest/services/IMS_Projects_Permits/FeatureServer/6,2026-07-14T13:28:13Z
City of Lakeland,BLD26-04115,2026-07-13,,,,300 LIME ST W,LAKELAND,FL,33815,39161,Permit,Mechanical,Replacing 3 Roof Top Packaged Units,428130.0,,,,,,,,,https://ims.lakelandgov.net/ims/Account/Anonymous?returnUrl=%2Fims%2FFind3%3Fcat%3DPermits,https://services1.arcgis.com/mcbQY5xNGGGM1vBX/arcgis/rest/services/IMS_Projects_Permits/FeatureServer/6,2026-07-14T13:28:13Z
City of Lakeland,BLD26-04120,2026-07-13,,,,4508 SELKIRK LN E,LAKELAND,FL,33813,63462,Permit,Building Residential,Remove and replace an existing driveway,9927.0,,,,,,,,,https://ims.lakelandgov.net/ims/Account/Anonymous?returnUrl=%2Fims%2FFind3%3Fcat%3DPermits,https://services1.arcgis.com/mcbQY5xNGGGM1vBX/arcgis/rest/services/IMS_Projects_Permits/FeatureServer/6,2026-07-14T13:28:13Z
City of Lakeland,SWP26-00009,2026-07-13,,,,1015 SIKES BLVD,LAKELAND,FL,33815,64574,Permit,Site Permit,Site Work for approved SIT25-013 - One More Child,2919976.0,,,,"Landmark Engineering Group, Inc.",,,,,https://ims.lakelandgov.net/ims/Account/Anonymous?returnUrl=%2Fims%2FFind3%3Fcat%3DPermits,https://services1.arcgis.com/mcbQY5xNGGGM1vBX/arcgis/rest/services/IMS_Projects_Permits/FeatureServer/6,2026-07-14T13:28:13Z
City of Lakeland,BLD26-04093,2026-07-13,,,,1831 RICHMOND RD,LAKELAND,FL,33803,60693,Permit,Plumbing,Complete house repipe,6436.0,,,,,,,,,https://ims.lakelandgov.net/ims/Account/Anonymous?returnUrl=%2Fims%2FFind3%3Fcat%3DPermits,https://services1.arcgis.com/mcbQY5xNGGGM1vBX/arcgis/rest/services/IMS_Projects_Permits/FeatureServer/6,2026-07-14T13:28:13Z
City of Lakeland,BLD26-04099,2026-07-13,,,,1063 SUGARTREE DR S,LAKELAND,FL,33813,88274,Permit,Electrical,1212192-Peterson-TT,12288.0,,,,,,,,,https://ims.lakelandgov.net/ims/Account/Anonymous?returnUrl=%2Fims%2FFind3%3Fcat%3DPermits,https://services1.arcgis.com/mcbQY5xNGGGM1vBX/arcgis/rest/services/IMS_Projects_Permits/FeatureServer/6,2026-07-14T13:28:13Z
City of Lakeland,BLD26-04102,2026-07-13,,,,712 PARK ST E,LAKELAND,FL,33803,51425,Permit,Mechanical,"AC change out air handler, thermostat and condenser 2.5 ton",11279.0,,,,,,,,,https://ims.lakelandgov.net/ims/Account/Anonymous?returnUrl=%2Fims%2FFind3%3Fcat%3DPermits,https://services1.arcgis.com/mcbQY5xNGGGM1vBX/arcgis/rest/services/IMS_Projects_Permits/FeatureServer/6,2026-07-14T13:28:13Z
City of Lakeland,BLD26-04107,2026-07-13,,,,1116 9TH ST W,LAKELAND,FL,33805,77199,Permit,Building Residential,new construction single family,138160.0,,,,,,,,,https://ims.lakelandgov.net/ims/Account/Anonymous?returnUrl=%2Fims%2FFind3%3Fcat%3DPermits,https://services1.arcgis.com/mcbQY5xNGGGM1vBX/arcgis/rest/services/IMS_Projects_Permits/FeatureServer/6,2026-07-14T13:28:13Z
City of Lakeland,BLD26-04110,2026-07-13,,,,820 SCOTT AVE N,LAKELAND,FL,33815,63161,Permit,Plumbing,Repipe hot and cold water lines.,5000.0,,,,,,,,,https://ims.lakelandgov.net/ims/Account/Anonymous?returnUrl=%2Fims%2FFind3%3Fcat%3DPermits,https://services1.arcgis.com/mcbQY5xNGGGM1vBX/arcgis/rest/services/IMS_Projects_Permits/FeatureServer/6,2026-07-14T13:28:13Z
City of Lakeland,BLD26-04111,2026-07-13,,,,1210 WATERFORD DR,LAKELAND,FL,33803,91916,Permit,Plumbing,Water heater install,2112.0,,,,,,,,,https://ims.lakelandgov.net/ims/Account/Anonymous?returnUrl=%2Fims%2FFind3%3Fcat%3DPermits,https://services1.arcgis.com/mcbQY5xNGGGM1vBX/arcgis/rest/services/IMS_Projects_Permits/FeatureServer/6,2026-07-14T13:28:13Z
City of Lakeland,BLD26-04116,2026-07-13,,,,204 ORANGE ST E # 102,LAKELAND,FL,33801,234411,Permit,Electrical,Limited voltage instalation,37000.0,,,,,,,,,https://ims.lakelandgov.net/ims/Account/Anonymous?returnUrl=%2Fims%2FFind3%3Fcat%3DPermits,https://services1.arcgis.com/mcbQY5xNGGGM1vBX/arcgis/rest/services/IMS_Projects_Permits/FeatureServer/6,2026-07-14T13:28:13Z
City of Lakeland,BLD26-04094,2026-07-13,,,,2844 LAKELAND HIGHLANDS RD,LAKELAND,FL,33803,37279,Permit,Sign,Planet Fitness,5200.0,,,,,,,,,https://ims.lakelandgov.net/ims/Account/Anonymous?returnUrl=%2Fims%2FFind3%3Fcat%3DPermits,https://services1.arcgis.com/mcbQY5xNGGGM1vBX/arcgis/rest/services/IMS_Projects_Permits/FeatureServer/6,2026-07-14T13:28:13Z
City of Lakeland,BLD26-04096,2026-07-13,,,,2425 JONILA AVE,LAKELAND,FL,33803,85727,Permit,Mechanical,Replace 3ton system- no new duct,9066.0,,,,,,,,,https://ims.lakelandgov.net/ims/Account/Anonymous?returnUrl=%2Fims%2FFind3%3Fcat%3DPermits,https://services1.arcgis.com/mcbQY5xNGGGM1vBX/arcgis/rest/services/IMS_Projects_Permits/FeatureServer/6,2026-07-14T13:28:13Z
City of Lakeland,BLD26-04101,2026-07-13,,,,3425 HWY 98  N,LAKELAND,FL,33809,102726,Permit,Building Commercial,"Remove concrete, Re-plumb, Re-pour concrete",176200.0,,,,,,,,,https://ims.lakelandgov.net/ims/Account/Anonymous?returnUrl=%2Fims%2FFind3%3Fcat%3DPermits,https://services1.arcgis.com/mcbQY5xNGGGM1vBX/arcgis/rest/services/IMS_Projects_Permits/FeatureServer/6,2026-07-14T13:28:13Z
City of Lakeland,BLD26-04103,2026-07-13,,,,4916 GACHET BLVD S,LAKELAND,FL,33813,23780,Permit,Building Residential,Cathy Henderson -size for size replacement of 3 sliding glass doors,15845.0,,,,,,,,,https://ims.lakelandgov.net/ims/Account/Anonymous?returnUrl=%2Fims%2FFind3%3Fcat%3DPermits,https://services1.arcgis.com/mcbQY5xNGGGM1vBX/arcgis/rest/services/IMS_Projects_Permits/FeatureServer/6,2026-07-14T13:28:13Z
City of Lakeland,BLD26-04104,2026-07-13,,,,4100 NEW TAMPA HWY,LAKELAND,FL,33815,46812,Permit,Electrical,New 200 amp service,2500.0,,,,,,,,,https://ims.lakelandgov.net/ims/Account/Anonymous?returnUrl=%2Fims%2FFind3%3Fcat%3DPermits,https://services1.arcgis.com/mcbQY5xNGGGM1vBX/arcgis/rest/services/IMS_Projects_Permits/FeatureServer/6,2026-07-14T13:28:13Z
City of Lakeland,BLD26-04106,2026-07-13,,,,1604 GARY RD E,LAKELAND,FL,33801,24254,Permit,Sign,Install New Ground Post Sign,692.0,,,,,,,,,https://ims.lakelandgov.net/ims/Account/Anonymous?returnUrl=%2Fims%2FFind3%3Fcat%3DPermits,https://services1.arcgis.com/mcbQY5xNGGGM1vBX/arcgis/rest/services/IMS_Projects_Permits/FeatureServer/6,2026-07-14T13:28:13Z
City of Lakeland,BLD26-04109,2026-07-13,,,,4879 ISLAND SHORES LN,LAKELAND,FL,33809,156201,Permit,Waterfront,Boat Dock with a Boat House,30000.0,,,,,,,,,https://ims.lakelandgov.net/ims/Account/Anonymous?returnUrl=%2Fims%2FFind3%3Fcat%3DPermits,https://services1.arcgis.com/mcbQY5xNGGGM1vBX/arcgis/rest/services/IMS_Projects_Permits/FeatureServer/6,2026-07-14T13:28:13Z
City of Lakeland,BLD26-04113,2026-07-13,,,,4906 FOXGLOVE CIR,LAKELAND,FL,33811,264372,Permit,Building Residential,Screen Room,3500.0,,,,,,,,,https://ims.lakelandgov.net/ims/Account/Anonymous?returnUrl=%2Fims%2FFind3%3Fcat%3DPermits,https://services1.arcgis.com/mcbQY5xNGGGM1vBX/arcgis/rest/services/IMS_Projects_Permits/FeatureServer/6,2026-07-14T13:28:13Z
City of Lakeland,BLD26-04117,2026-07-13,,,,1709 PARK DR,LAKELAND,FL,33803,51367,Permit,Roof,Replace shingle roof,8700.0,,,,Timothy pridgeon,,,,,https://ims.lakelandgov.net/ims/Account/Anonymous?returnUrl=%2Fims%2FFind3%3Fcat%3DPermits,https://services1.arcgis.com/mcbQY5xNGGGM1vBX/arcgis/rest/services/IMS_Projects_Permits/FeatureServer/6,2026-07-14T13:28:13Z
City of Lakeland,BLD26-04118,2026-07-13,,,,6525 SOCRUM LOOP RD N,LAKELAND,FL,33809,65739,Permit,Building Commercial,Build Walls Under Existing Aluminum Roof,49300.0,,,,,,,,,https://ims.lakelandgov.net/ims/Account/Anonymous?returnUrl=%2Fims%2FFind3%3Fcat%3DPermits,https://services1.arcgis.com/mcbQY5xNGGGM1vBX/arcgis/rest/services/IMS_Projects_Permits/FeatureServer/6,2026-07-14T13:28:13Z
City of Lakeland,BLD26-04119,2026-07-13,,,,1709 PARK DR,LAKELAND,FL,33803,51367,Permit,Roof,Replace shingle roof,8700.0,,,,,,,,,https://ims.lakelandgov.net/ims/Account/Anonymous?returnUrl=%2Fims%2FFind3%3Fcat%3DPermits,https://services1.arcgis.com/mcbQY5xNGGGM1vBX/arcgis/rest/services/IMS_Projects_Permits/FeatureServer/6,2026-07-14T13:28:13Z
City of Lakeland,BLD26-04095,2026-07-13,,,,2844 LAKELAND HIGHLANDS RD,LAKELAND,FL,33803,37279,Permit,Sign,Planet Fitness,1800.0,,,,,,,,,https://ims.lakelandgov.net/ims/Account/Anonymous?returnUrl=%2Fims%2FFind3%3Fcat%3DPermits,https://services1.arcgis.com/mcbQY5xNGGGM1vBX/arcgis/rest/services/IMS_Projects_Permits/FeatureServer/6,2026-07-14T13:28:13Z
City of Lakeland,BLD26-04097,2026-07-13,,,,3425 HWY 98  N,LAKELAND,FL,33809,102726,Permit,Plumbing,"Cut out concrete in Hallway, Remove , Re-plumb and Re-pour concrete",176200.0,,,,,,,,,https://ims.lakelandgov.net/ims/Account/Anonymous?returnUrl=%2Fims%2FFind3%3Fcat%3DPermits,https://services1.arcgis.com/mcbQY5xNGGGM1vBX/arcgis/rest/services/IMS_Projects_Permits/FeatureServer/6,2026-07-14T13:28:13Z
City of Lakeland,BLD26-04098,2026-07-13,,,,2105 COMBEE RD S,LAKELAND,FL,33801,112170,Permit,Building Commercial,PP INSP - interior reno with commercial cooking hood installation,20000.0,,,,,,,,,https://ims.lakelandgov.net/ims/Account/Anonymous?returnUrl=%2Fims%2FFind3%3Fcat%3DPermits,https://services1.arcgis.com/mcbQY5xNGGGM1vBX/arcgis/rest/services/IMS_Projects_Permits/FeatureServer/6,2026-07-14T13:28:13Z
City of Lakeland,BLD26-04100,2026-07-13,,,,2600 HARDEN BLVD # 324,LAKELAND,FL,33803,121568,Permit,Mechanical,REPLACE 3 TON PACKAGE UNIT,14181.0,,,,,,,,,https://ims.lakelandgov.net/ims/Account/Anonymous?returnUrl=%2Fims%2FFind3%3Fcat%3DPermits,https://services1.arcgis.com/mcbQY5xNGGGM1vBX/arcgis/rest/services/IMS_Projects_Permits/FeatureServer/6,2026-07-14T13:28:13Z
City of Lakeland,BLD26-04121,2026-07-13,,,,830 PROVIDENCE RESERVE LOOP # 108,LAKELAND,FL,33805,130246,Permit,Mechanical,HVAC system change out like for like.,4100.0,,,,,,,,,https://ims.lakelandgov.net/ims/Account/Anonymous?returnUrl=%2Fims%2FFind3%3Fcat%3DPermits,https://services1.arcgis.com/mcbQY5xNGGGM1vBX/arcgis/rest/services/IMS_Projects_Permits/FeatureServer/6,2026-07-14T13:28:13Z
City of Lakeland,BLD26-04122,2026-07-13,,,,885 PROVIDENCE RESERVE LOOP # 207,LAKELAND,FL,33805,130189,Permit,Mechanical,HVAC system change out like for like.,4100.0,,,,,,,,,https://ims.lakelandgov.net/ims/Account/Anonymous?returnUrl=%2Fims%2FFind3%3Fcat%3DPermits,https://services1.arcgis.com/mcbQY5xNGGGM1vBX/arcgis/rest/services/IMS_Projects_Permits/FeatureServer/6,2026-07-14T13:28:13Z
City of Lakeland,HPB26-114,2026-07-13,,,,1918 SHAWNEE TRL,LAKELAND,FL,33803,63946,Project,Historic Preservation,8 Foot Privacy Fence Installation on back of property,,,,,,,,,,https://ims.lakelandgov.net/ims/Account/Anonymous?returnUrl=%2Fims%2FFind3%3Fcat%3DPermits,https://services1.arcgis.com/mcbQY5xNGGGM1vBX/arcgis/rest/services/IMS_Projects_Permits/FeatureServer/6,2026-07-14T13:28:13Z
